* Setting *	* Value *	* Value *	* Value *	* Value *	* Value *



* Variable *	* Value *	* Value *	* Value *	* Value *	* Value *



* Test Case *	* Action *	* Argument *	* Argument *	* Argument *	* Argument *
"""Quotes"""	"""Quotes"""				
Tag <pre>	Tag <pre>				
And &	And &				
Backslashes \ \\ \\\ \\\\	Backslashes \ \\ \\\ \\\\				
Variable ${var}	Variable ${var}				
Newline \n and Tab \t	Newline \n and Tab \t				


* Keyword *	* Action *	* Argument *	* Argument *	* Argument *	* Argument *
"""Quotes"""	No Operation				
Tag <pre>	No Operation				
And &	No Operation				
Backslashes \ \\ \\\ \\\\	No Operation				
Variable ${var}	No Operation				
Newline \n and Tab \t	No Operation				
